{"position":{"x":1.3001240491867066,"y":1.0000001192092896,"z":0.2606127858161926},"score":0,"hours":["10:56:31","10:56:52","10:59:18"]}
